{
  "mean_f2": 0.9971326162878874,
  "std_f2": 0.00573476702422524,
  "individual_scores": [
    0.9856630822394369,
    0.9999999998,
    0.9999999998,
    0.9999999998,
    0.9999999998
  ],
  "stability": "STABLE"
}