{
  "mean_f2": 0.9990049749237851,
  "std_f2": 0.00199004975242989,
  "individual_scores": [
    0.9950248754189253,
    0.9999999998,
    0.9999999998,
    0.9999999998,
    0.9999999998
  ],
  "stability": "STABLE"
}