{
  "mean_f2": 0.9834757057785305,
  "std_f2": 0.007443268392126093,
  "individual_scores": [
    0.9748427670810095,
    0.9872611462893018,
    0.9868421050554016,
    0.9935897433859303,
    0.9748427670810095
  ],
  "stability": "STABLE"
}